{
  "Todos": [
    {
      "name": "Mary",
      "job": "Build to do list"
    },
    {
      "name": "Mary",
      "job": "Walk Pilot"
    }, 
    {
      "name": "Mary",
      "job": "Make dinner"
    },
    {
      "name": "Tom",
      "job": "Wash Car"
    }, 
    {
      "name": "Tom",
      "job": "Music practise"
    },
    {
      "name": "Hannah",
      "job": "Homework"
    },
    {
      "name": "Seán",
      "job": "Music practise"
    },
    {
      "name": "Pat",
      "job": "Walk Pilot"
    }
    
  ]
}